Line,Timestamp,Level,Message
1,2024-01-15 08:00:01,INFO,Application started successfully
2,2024-01-15 08:00:05,INFO,Database connection established on port 5432
3,2024-01-15 08:01:12,INFO,User 'admin' logged in from 192.168.1.10
4,2024-01-15 08:02:45,WARNING,Disk usage at 75% on /dev/sda1
5,2024-01-15 08:03:01,INFO,Scheduled backup task initiated
6,2024-01-15 08:03:30,ERROR,Failed to connect to external API: timeout after 30s
7,2024-01-15 08:03:31,ERROR,Retry attempt 1/3 for API connection
8,2024-01-15 08:04:00,WARNING,Response time exceeded threshold: 2500ms (limit: 2000ms)
9,2024-01-15 08:04:15,INFO,Cache cleared successfully (1240 entries removed)
10,2024-01-15 08:05:00,ERROR,Database query timeout: SELECT * FROM orders WHERE status='pending'
11,2024-01-15 08:05:01,INFO,Fallback to read replica activated
12,2024-01-15 08:06:22,INFO,Health check passed: all services operational
13,2024-01-15 08:07:10,WARNING,Memory usage at 82% (6.6GB / 8GB)
14,2024-01-15 08:07:45,INFO,User 'john.doe' updated profile settings
15,2024-01-15 08:08:30,ERROR,Uncaught exception in payment module: NullPointerException
16,2024-01-15 08:08:31,ERROR,Stack trace: PaymentService.java:234 -> processTransaction()
17,2024-01-15 08:09:00,WARNING,SSL certificate expires in 14 days for api.example.com
18,2024-01-15 08:09:45,INFO,Email notification sent to admin@example.com
19,2024-01-15 08:10:00,INFO,Log rotation completed: archived log_2024-01-14.gz
20,2024-01-15 08:11:15,WARNING,CPU spike detected: 95% utilization for 30 seconds
21,2024-01-15 08:11:30,ERROR,Out of memory: killed process nginx (pid 4521)
22,2024-01-15 08:11:31,INFO,Nginx auto-restart triggered by watchdog
23,2024-01-15 08:12:00,INFO,Nginx restarted successfully (pid 4589)
24,2024-01-15 08:13:20,WARNING,Unusual login attempt from IP 203.0.113.42 - blocked
25,2024-01-15 08:14:00,INFO,Rate limiter activated for IP 203.0.113.42
26,2024-01-15 08:15:05,ERROR,File not found: /var/uploads/report_jan.pdf
27,2024-01-15 08:15:06,WARNING,Request returned 404 for /api/v2/reports/monthly
28,2024-01-15 08:16:00,INFO,New user registered: user_id=8821
29,2024-01-15 08:17:30,INFO,"Payment processed successfully: order_id=ORD-9901, amount=$149.99"
30,2024-01-15 08:18:45,WARNING,Slow query detected (4.2s): JOIN on orders and users tables
31,2024-01-15 09:00:00,INFO,Hourly metrics aggregation started
32,2024-01-15 09:00:15,INFO,Metrics aggregation completed: 3842 events processed
33,2024-01-15 09:01:00,ERROR,Backup failed: destination /mnt/backup not mounted
34,2024-01-15 09:01:01,ERROR,Critical: unable to complete scheduled backup
35,2024-01-15 09:02:00,WARNING,Backup destination unavailable - alerting ops team
36,2024-01-15 09:03:15,INFO,Ops team alert sent via PagerDuty
37,2024-01-15 09:05:00,INFO,User session expired: user_id=7712
38,2024-01-15 09:06:30,WARNING,Third-party API degraded performance detected
39,2024-01-15 09:07:00,INFO,Switched to fallback payment gateway
40,2024-01-15 09:08:20,ERROR,Config reload failed: syntax error in config.yaml at line 45
41,2024-01-15 09:08:21,ERROR,Rolling back to previous configuration
42,2024-01-15 09:09:00,INFO,Configuration rollback successful
43,2024-01-15 09:10:15,INFO,Deployment pipeline triggered: version 2.4.1
44,2024-01-15 09:12:00,WARNING,Deployment paused: pre-flight checks failed for staging env
45,2024-01-15 09:13:30,INFO,Pre-flight checks passed after retry
46,2024-01-15 09:14:00,INFO,Deployment completed successfully: v2.4.1 now live
47,2024-01-15 10:00:00,INFO,System status: NOMINAL
48,2024-01-15 10:00:01,INFO,Active users: 1247 | Requests/min: 3821 | Avg latency: 145ms
49,2024-01-15 10:01:00,WARNING,Queue depth critical: 8500 jobs pending (limit: 10000)
50,2024-01-15 10:02:30,ERROR,Worker pool exhausted: all 50 workers busy
51,2024-01-15 10:02:31,ERROR,Job queue overflow: 1200 jobs dropped
52,2024-01-15 10:03:00,INFO,Auto-scaling triggered: adding 10 worker nodes
53,2024-01-15 10:05:00,INFO,New workers online: pool size now 60
54,2024-01-15 10:05:01,INFO,Queue processing resumed normally
55,2024-01-15 10:30:00,INFO,Scheduled maintenance window begins
56,2024-01-15 10:30:01,WARNING,Read-only mode activated during maintenance
57,2024-01-15 10:45:00,INFO,Maintenance complete: database indexes rebuilt
58,2024-01-15 10:45:01,INFO,Read-write mode restored
59,2024-01-15 11:00:00,INFO,Security scan initiated
60,2024-01-15 11:02:30,WARNING,Outdated dependency detected: lodash 4.17.15 (CVE-2021-23337)
61,2024-01-15 11:02:31,WARNING,Outdated dependency detected: axios 0.21.1 (CVE-2021-3749)
62,2024-01-15 11:03:00,INFO,Security scan complete: 2 vulnerabilities found
63,2024-01-15 11:04:00,ERROR,Authentication service unresponsive for 45 seconds
64,2024-01-15 11:04:01,ERROR,Failover to auth backup service initiated
65,2024-01-15 11:04:30,INFO,Auth backup service online: requests rerouted
66,2024-01-15 11:30:00,INFO,Daily summary: 58 errors | 22 warnings | 1847 info entries
67,2024-01-15 11:30:01,INFO,Uptime: 99.94% | SLA compliance: YES
